<?xml version="1.0" encoding="UTF-8"?>
<beans xmlns="http://www.springframework.org/schema/beans"
       xmlns:xsi="http://www.w3.org/2001/XMLSchema-instance"
       xmlns:p="http://www.springframework.org/schema/p"
       xmlns:context="http://www.springframework.org/schema/context"
       xmlns:aop="http://www.springframework.org/schema/aop"
       xmlns:tx="http://www.springframework.org/schema/tx"
       xmlns:dwr="http://www.directwebremoting.org/schema/spring-dwr"
       xsi:schemaLocation="http://www.springframework.org/schema/beans
    http://www.springframework.org/schema/beans/spring-beans-3.2.xsd  
    http://www.springframework.org/schema/context   
    http://www.springframework.org/schema/context/spring-context-3.2.xsd  
    http://www.springframework.org/schema/aop  
    http://www.springframework.org/schema/aop/spring-aop-3.2.xsd  
    http://www.springframework.org/schema/tx  
    http://www.springframework.org/schema/tx/spring-tx-3.2.xsd">

    <context:property-placeholder location="classpath:jdbc.properties"/>
    <bean id="dataSource" class="org.apache.commons.dbcp.BasicDataSource"
          destroy-method="close"
          p:driverClassName="${jdbc.driverClassName}"
          p:url="${jdbc.url}"
          p:username="${jdbc.username}"
          p:password="${jdbc.password}"
    />

    <bean id="sessionFactory"
          class="org.springframework.orm.hibernate4.LocalSessionFactoryBean">
        <property name="dataSource" ref="dataSource"/>
        <property name="hibernateProperties">
            <props>
                <prop key="hibernate.dialect">org.hibernate.dialect.MySQLDialect</prop>
                <prop key="hibernate.show_sql">true</prop>
                <prop key="hibernate.format_sql">true</prop>
                <prop key="hibernate.hbm2ddl.auto">update</prop>
                <prop key="hibernate.connection.characterEncoding">UTF-8</prop>
            </props>
        </property>
        <property name="packagesToScan">
            <list>
                <value>com.edianxun.adp.pojo</value>
            </list>
        </property>
    </bean>

    <!-- 配置事务管理 -->
    <bean id="txManager" class="org.springframework.orm.hibernate4.HibernateTransactionManager"
          p:sessionFactory-ref="sessionFactory"/>
    <!-- 配置事务切面 -->
    <tx:advice id="txAdvice" transaction-manager="txManager">
        <tx:attributes>
            <tx:method name="get*" read-only="true"/>
            <tx:method name="add*" propagation="REQUIRED"/>
            <tx:method name="find*" propagation="REQUIRED"/>
            <!-- 其它方法使用默认的事务设置 -->
            <tx:method name="*"/>
        </tx:attributes>
    </tx:advice>

    <aop:config>
        <!-- 配置切入点 -->
        <aop:pointcut id="txPointcut"
                      expression="execution(* com.edianxun.adp.service.impl.*.*(..))"/>

        <aop:advisor advice-ref="txAdvice" pointcut-ref="txPointcut"/>
    </aop:config>
    <bean id="gateDao" class="com.edianxun.adp.dao.impl.GateDaoImpl"
          p:sessionFactory-ref="sessionFactory"/>
    <bean id="salaryDao" class="com.edianxun.adp.dao.impl.SalaryDaoImpl"
          p:sessionFactory-ref="sessionFactory"/>
    <bean id="managerDao" class="com.edianxun.adp.dao.impl.ManagerDaoImpl"
          p:sessionFactory-ref="sessionFactory"/>
    <bean id="managerService" class="com.edianxun.adp.service.impl.ManagerServiceImpl"
          p:managerDao-ref="managerDao" p:gateDao-ref="gateDao" p:salaryDao-ref="salaryDao"/>

    <bean id="customerDao" class="com.edianxun.adp.dao.impl.CustomerDaoImpl"
          p:sessionFactory-ref="sessionFactory"/>
    <bean id="customerService" class="com.edianxun.adp.service.impl.CustomerServiceImpl"
          p:customerDao-ref="customerDao"/>

    <bean id="bookDao" class="com.edianxun.adp.dao.impl.BookDaoImpl"
          p:sessionFactory-ref="sessionFactory"/>
    <bean id="bookService" class="com.edianxun.adp.service.impl.BookServiceImpl"
          p:bookDao-ref="bookDao"/>

    <bean id="commentDao" class="com.edianxun.adp.dao.impl.CommentDaoImpl"
          p:sessionFactory-ref="sessionFactory"/>
    <bean id="commentService" class="com.edianxun.adp.service.impl.CommentServiceImpl"
          p:commentDao-ref="commentDao"/>

    <bean id="orderDao" class="com.edianxun.adp.dao.impl.OrderDaoImpl"
          p:sessionFactory-ref="sessionFactory"/>
    <bean id="orderService" class="com.edianxun.adp.service.impl.OrderServiceImpl"
          p:orderDao-ref="orderDao"/>

    <bean id="gateServiceDao" class="com.edianxun.adp.dao.impl.GateServiceDaoImpl"
          p:sessionFactory-ref="sessionFactory"/>
    <bean id="gateServiceService" class="com.edianxun.adp.service.impl.GateServiceServiceImpl"
          p:gateServiceDao-ref="gateServiceDao"/>

</beans>  