<?xml version="1.0" encoding="UTF-8" ?>
<!DOCTYPE struts PUBLIC
	"-//Apache Software Foundation//DTD Struts Configuration 2.3//EN"
	"http://struts.apache.org/dtds/struts-2.3.dtd">

<struts>

	<!--  <constant name="struts.objectFactory" value="spring" />
	<constant name="struts.devMode" value="true" />
	<constant name="struts.convention.classes.reload" value="true" /> --> 
	 <constant name="struts.convention.default.parent.package" value="default"/>
	
	<package name="default" extends="struts-default" namespace="/">
		 <interceptors>
			<interceptor name="managerlogin" class="com.edianxun.adp.interceptor.ManagerLoginInterceptor"/>
			<interceptor-stack name="mydefault">
					<interceptor-ref name="defaultStack" />
					<interceptor-ref name="managerlogin"/>
			</interceptor-stack>
		</interceptors>
		
		<!-- 配置默认拦截器栈 -->
		<default-interceptor-ref name="mydefault" />
		
	 	<global-results>
	 		<result name="login">/jsp/index.jsp</result>
		    <result name="error" >/404/error.jsp</result>
		</global-results> 
		
		<!-- <global-results>
	 		<result name="login" type="redirectAction">relogin</result>
		    <result name="error" type="redirectAction">error</result>
		</global-results>  -->
		
		<global-exception-mappings>
             <exception-mapping result="error" exception="java.lang.Exception"/>
        </global-exception-mappings>
		
		<!-- <action name="mgrLogin" class="com.edianxun.adp.action.ManagerLoginAction">
			<result name="success">/jsp/success.jsp</result>
			<result name="login">/jsp/index.jsp</result>
		</action> -->
		
	</package>

</struts>
